USE library_management;

DROP TABLE IF EXISTS Loans;
DROP TABLE IF EXISTS Admins;
DROP TABLE IF EXISTS Comments;
DROP TABLE IF EXISTS Users;
DROP TABLE IF EXISTS Images;
DROP TABLE IF EXISTS Books;


CREATE TABLE IF NOT EXISTS Users
(
    id           INT auto_increment PRIMARY KEY,
    surname      VARCHAR(50)            NOT NULL,
    lastname     VARCHAR(50)            NOT NULL,
    dateOfBirth  DATE                   NOT NULL,
    gender       ENUM ('Male', 'Female', 'Other'),
    email        VARCHAR(50) UNIQUE     NOT NULL,
    userName     VARCHAR(50) UNIQUE     NOT NULL,
    userAccount  VARCHAR(50) UNIQUE     NOT NULL,
    userPassword varchar(50)            NOT NULL,
    roles        ENUM ('User', 'Admin') NOT NULL,
    warning      TINYINT(1)             NOT NULL DEFAULT 0 -- 1 - yes, 0 - no
);

ALTER TABLE Users
    ADD INDEX idx_users_roles (roles);

CREATE TABLE IF NOT EXISTS Admins
(
    id          int auto_increment PRIMARY KEY,
    userAccount VARCHAR(50) UNIQUE NOT NULL,
    roles       ENUM ('Admin')     NOT NULL,
    FOREIGN KEY (id) REFERENCES Users (id) ON DELETE CASCADE ON UPDATE CASCADE
);

CREATE TABLE IF NOT EXISTS Books
(
    id             int auto_increment PRIMARY KEY,
    bookName       VARCHAR(255) NOT NULL,
    author         VARCHAR(255) NOT NULL,
    publisher      VARCHAR(255),
    publishYear    year,
    availableBooks INT default 0,
    totalBooks     INT DEFAULT 0,
    CONSTRAINT unique_book_author UNIQUE (bookName, author)
);

CREATE TABLE IF NOT EXISTS Loans
(
    transaction_id int auto_increment PRIMARY KEY,
    userAccount    VARCHAR(50),
    book_id        int,
    borrowDate     DATE        NOT NULL,
    endDate        DATE        NOT NULL,
    returnDate     DATE,
    status         VARCHAR(50) NOT NULL,
    FOREIGN KEY (userAccount) REFERENCES Users (userAccount) ON UPDATE CASCADE,
    FOREIGN KEY (book_id) REFERENCES Books (id) ON UPDATE CASCADE
);

CREATE TABLE IF NOT EXISTS Images
(
    bookName VARCHAR(255) NOT NULL,
    author   VARCHAR(255) NOT NULL,
    urlImage VARCHAR(255),
    CONSTRAINT fk_images_bookName_author
        FOREIGN KEY (bookName, author)
            REFERENCES Books (bookName, author)
            ON DELETE CASCADE
            ON UPDATE CASCADE
);

CREATE TABLE IF NOT EXISTS Comments
(
    bookId   int,
    comment  varchar(2000),
    userName varchar(50),
    FOREIGN KEY (bookId) REFERENCES Books (id) ON UPDATE CASCADE,
    FOREIGN KEY (userName) REFERENCES Users (userName) ON UPDATE CASCADE
);

INSERT INTO Users (surname, lastname, dateOfBirth, gender, email, userName, userAccount, userPassword, roles, warning)
VALUES ('Tran', 'Thi B', '1995-05-20', 'Female', 'tranthib@example.com', 'tranthib', 'user2', 'ehem', 'Admin', 1),
        ('Hang', 'Van C', '1999-05-26', 'Male', 'hoangvanc@example.com', 'hoangvanc', 'user3', 'ehem', 'Admin', 1),
        ('Nguyễn', 'Văn An', '1990-02-15', 'Male', 'nguyenvanan1502@gmail.com', 'NguyenVanAn', 'Van1990', 'ehem', 'User', '0'),
        ('Trần', 'Thị Bích', '1995-06-23', 'Female', 'tranthibich2306@gmail.com', 'TranThiBich', 'Bich1995', 'ehem', 'User', '0'),
        ('Lê', 'Minh Châu', '1998-12-05', 'Female', 'leminhchau0512@gmail.com', 'LeMinhChau', 'Chau1998', 'ehem', 'User', '0'),
        ('Phạm', 'Thanh Bình', '1987-04-19', 'Male', 'phamthanhbinh1904@gmail.com', 'PhamThanhBinh', 'Binh1987', 'ehem', 'User', '0'),
        ('Hoàng', 'Quang Duy', '1992-09-12', 'Male', 'hoangquangduy1209@gmail.com', 'HoangQuangDuy', 'Duy1992', 'ehem', 'User', '0'),
        ('Vũ', 'Thị Thu', '1996-03-08', 'Female', 'vuthithu0803@gmail.com', 'VuThiThu', 'Thu1996', 'ehem', 'User', '0'),
        ('Đặng', 'Hải Yến', '2000-07-21', 'Female', 'danghaiyen2107@gmail.com', 'DangHaiYen', 'Yen2000', 'ehem', 'User', '0'),
        ('Bùi', 'Quốc Huy', '1985-11-30', 'Male', 'buiquochuy3011@gmail.com', 'BuiQuocHuy', 'Huy1985', 'ehem', 'User', '0'),
        ('Ngô', 'Trọng Tài', '1991-01-17', 'Male', 'ngotrongtai1701@gmail.com', 'NgoTrongTai', 'Tai1991', 'ehem', 'User', '0'),
        ('Dương', 'Hồng Nhung', '1994-08-29', 'Female', 'duonghongnhung2908@gmail.com', 'DuongHongNhung', 'Nhung1994', 'ehem', 'User', '0'),
        ('Phan', 'Khánh Ly', '1993-10-10', 'Female', 'phankhanhly1010@gmail.com', 'PhanKhanhLy', 'Ly1993', 'ehem', 'User', '0'),
        ('Lý', 'Gia Huy', '1997-05-14', 'Male', 'lygiahuy1405@gmail.com', 'LyGiaHuy', 'Huy1997', 'ehem', 'User', '0'),
        ('Trịnh', 'Ngọc Anh', '2001-03-22', 'Female', 'trinhngocanh2203@gmail.com', 'TrinhNgocAnh', 'Anh2001', 'ehem', 'User', '0'),
        ('Đỗ', 'Thành Nam', '1989-07-09', 'Male', 'dothanhnam0907@gmail.com', 'DoThanhNam', 'Nam1989', 'ehem', 'User', '0'),
        ('Hà', 'Thu Trang', '1995-02-02', 'Female', 'hathutrang0202@gmail.com', 'HaThuTrang', 'Trang1995', 'ehem', 'User', '0'),
        ('Cao', 'Văn Thành', '1986-06-06', 'Male', 'caovanthanh0606@gmail.com', 'CaoVanThanh', 'Thanh1986', 'ehem', 'User', '0'),
        ('Phùng', 'Mai Linh', '1999-11-11', 'Female', 'phungmailinh1111@gmail.com', 'PhungMaiLinh', 'Linh1999', 'ehem', 'User', '0'),
        ('Đào', 'Hà My', '1992-04-25', 'Female', 'daohamy2504@gmail.com', 'DaoHaMy', 'My1992', 'ehem', 'User', '0'),
        ('Châu', 'Thanh Tùng', '1994-09-05', 'Male', 'chauthanhtung0509@gmail.com', 'ChauThanhTung', 'Tung1994', 'ehem', 'User', '0'),
        ('Nguyễn', 'Thùy Dung', '2003-12-15', 'Female', 'nguyenthuydung1512@gmail.com', 'NguyenThuyDung', 'Dung2003', 'ehem', 'User', '0'),
        ('Lương', 'Công Minh', '1991-01-11', 'Male', 'luongcongminh1101@gmail.com', 'LuongCongMinh', 'Minh1991', 'ehem', 'User', '0'),
        ('Phạm', 'Hà Nhi', '1998-07-19', 'Female', 'phamhanhi1907@gmail.com', 'PhamHaNhi', 'Nhi1998', 'ehem', 'User', '0'),
        ('Nguyễn', 'Thành Đạt', '1990-08-22', 'Male', 'nguyenthanhdat2208@gmail.com', 'NguyenThanhDat', 'Dat1990', 'ehem', 'User', '0'),
        ('Trần', 'Bảo Ngọc', '1997-05-08', 'Female', 'tranbaongoc0805@gmail.com', 'TranBaoNgoc', 'Ngoc1997', 'ehem', 'User', '0'),
        ('Lê', 'Quang Hải', '1995-11-01', 'Male', 'lequanghai0111@gmail.com', 'LeQuangHai', 'Hai1995', 'ehem', 'User', '0'),
        ('Đinh', 'Tú Anh', '1993-03-03', 'Female', 'dinhtuanh0303@gmail.com', 'DinhTuAnh', 'Anh1993', 'ehem', 'User', '0'),
        ('Bùi', 'Hoàng Long', '1990-10-10', 'Male', 'buihoanglong1010@gmail.com', 'BuiHoangLong', 'Long1990', 'ehem', 'User', '0'),
        ('Ngô', 'Minh Hằng', '1999-02-28', 'Female', 'ngominhhang2802@gmail.com', 'NgoMinhHang', 'Hang1999', 'ehem', 'User', '0'),
        ('Phan', 'Văn Quý', '1988-12-31', 'Male', 'phanvanquy3112@gmail.com', 'PhanVanQuy', 'Quy1988', 'ehem', 'User', '0'),
        ('Trịnh', 'Thu Hà', '2000-06-18', 'Female', 'trinhthuha1806@gmail.com', 'TrinhThuHa', 'Ha2000', 'ehem', 'User', '0'),
        ('Hồ', 'Gia Bảo', '1992-04-20', 'Male', 'hogiabao2004@gmail.com', 'HoGiaBao', 'Bao1992', 'ehem', 'User', '0'),
        ('Đặng', 'Thuỳ Linh', '1996-09-15', 'Female', 'dangthuylinh1509@gmail.com', 'DangThuyLinh', 'Linh1996', 'ehem', 'User', '0'),
        ('Nguyễn', 'Trung Hiếu', '1989-07-07', 'Male', 'nguyentrunghieu0707@gmail.com', 'NguyenTrungHieu', 'Hieu1989', 'ehem', 'User', '0'),
        ('Trần', 'Bảo Anh', '2002-01-12', 'Female', 'tranbaoanh1201@gmail.com', 'TranBaoAnh', 'Anh2002', 'ehem', 'User', '0'),
        ('Lê', 'Văn Phúc', '1994-10-23', 'Male', 'levanphuc2310@gmail.com', 'LeVanPhuc', 'Phuc1994', 'ehem', 'User', '0'),
        ('Phạm', 'Khánh Vân', '1998-05-17', 'Female', 'phamkhanhvan1705@gmail.com', 'PhamKhanhVan', 'Van1998', 'ehem', 'User', '0'),
        ('Hoàng', 'Ngọc Hải', '1991-02-26', 'Male', 'hoangngochai2602@gmail.com', 'HoangNgocHai', 'Hai1991', 'ehem', 'User', '0'),
        ('Vũ', 'Thuỷ Tiên', '1993-08-13', 'Female', 'vuthuytien1308@gmail.com', 'VuThuyTien', 'Tien1993', 'ehem', 'User', '0'),
        ('Đỗ', 'Văn Đức', '1997-03-19', 'Male', 'dovanduc1903@gmail.com', 'DoVanDuc', 'Duc1997', 'ehem', 'User', '0'),
        ('Dương', 'Mỹ Duyên', '1990-11-02', 'Female', 'duongmyduyen0211@gmail.com', 'DuongMyDuyen', 'Duyen1990', 'ehem', 'User', '0'),
        ('Trịnh', 'Hải Anh', '2001-06-06', 'Female', 'trinhhaianh0606@gmail.com', 'TrinhHaiAnh', 'Anh22001', 'ehem', 'User', '0'),
        ('Ngô', 'Huy Hoàng', '1985-04-18', 'Male', 'ngohuyhoang1804@gmail.com', 'NgoHuyHoang', 'Hoang1985', 'ehem', 'User', '0'),
        ('Đinh', 'Thị Lan', '1999-09-01', 'Female', 'dinhthilan0109@gmail.com', 'DinhThiLan', 'Lan1999', 'ehem', 'User', '0'),
        ('Bùi', 'Hồng Sơn', '1992-05-25', 'Male', 'buihongson2505@gmail.com', 'BuiHongSon', 'Son1992', 'ehem', 'User', '0'),
        ('Nguyễn', 'Thuý Vy', '1997-10-15', 'Female', 'nguyenthuyvy1510@gmail.com', 'NguyenThuyVy', 'Vy1997', 'ehem', 'User', '0'),
        ('Phạm', 'Minh Nhật', '1990-12-20', 'Male', 'phamminhnhat2012@gmail.com', 'PhamMinhNhat', 'Nhat1990', 'ehem', 'User', '0'),
        ('Hoàng', 'Lan Hương', '1994-02-11', 'Female', 'hoanglanhuong1102@gmail.com', 'HoangLanHuong', 'Huong1994', 'ehem', 'User', '0'),
        ('Lê', 'Văn Toàn', '1987-11-22', 'Male', 'levantoan2211@gmail.com', 'LeVanToan', 'Toan1987', 'ehem', 'User', '0'),
        ('Trần', 'Thu Hoài', '2000-07-04', 'Female', 'tranthuhoai0407@gmail.com', 'TranThuHoai', 'Hoai2000', 'ehem', 'User', '0'),
        ('Phan', 'Hữu Phước', '1989-09-19', 'Male', 'phanhuphuoc1909@gmail.com', 'PhanHuuPhuoc', 'Phuoc1989', 'ehem', 'User', '0'),
        ('Đặng', 'Quỳnh Anh', '1996-06-08', 'Female', 'dangquynhanh0806@gmail.com', 'DangQuynhAnh', 'Anh1996', 'ehem', 'User', '0'),
        ('Nguyễn', 'Tấn Phát', '1993-01-30', 'Male', 'nguyentanphat3001@gmail.com', 'NguyenTanPhat', 'Phat1993', 'ehem', 'User', '0'),
        ('Hoàng', 'Ngân Hà', '1998-10-10', 'Female', 'hoangnganha1010@gmail.com', 'HoangNganHa', 'Ha1998', 'ehem', 'User', '0'),
        ('Lý', 'Tuấn Biệt', '1990-03-12', 'Male', 'lytuanbiet1203@gmail.com', 'LyTuanBiet', 'Biet1990', 'ehem', 'User', '0'),
        ('Vũ', 'Hà Vy', '1995-12-25', 'Female', 'vuhavy2512@gmail.com', 'VuHaVy', 'Vy1995', 'ehem', 'User', '0'),
        ('Đào', 'Tùng Dương', '2000-09-09', 'Male', 'daotungduong0909@gmail.com', 'DaoTungDuong', 'Duong2000', 'ehem', 'User', '0'),
        ('Hà', 'Kim Ngân', '1994-07-22', 'Female', 'hakimngan2207@gmail.com', 'HaKimNgan', 'Ngan1994', 'ehem', 'User', '0'),
        ('Phùng', 'Hải Đăng', '1997-06-19', 'Male', 'phunghaidang1906@gmail.com', 'PhungHaiDang', 'Dang1997', 'ehem', 'User', '0'),
        ('Nguyễn', 'Lan Vy', '2003-03-03', 'Female', 'nguyenlanvy0303@gmail.com', 'NguyenLanVy', 'Vy2003', 'ehem', 'User', '0');

INSERT INTO Admins (userAccount)
VALUES ('user2'),
       ('user3');

INSERT INTO Books (bookName, author, publisher, publishYear, availableBooks, totalBooks)
VALUES  ('Tôi Thấy Hoa Vàng Trên Cỏ Xanh', 'Nguyễn Nhật Ánh', 'Nhà xuất bản Trẻ', 2010, 15, 50),
        ('1984', 'George Orwell', 'Nhà xuất bản Văn Học', 2021, 12, 40),
        ('Cho Tôi Xin Một Vé Đi Tuổi Thơ', 'Nguyễn Nhật Ánh', 'Nhà xuất bản Trẻ', 2008, 20, 60),
        ('Pride and Prejudice', 'Jane Austen', 'Penguin Books', 2017, 8, 30),
        ('Đắc Nhân Tâm', 'Dale Carnegie', 'Nhà xuất bản Tổng Hợp TP.HCM', 2015, 25, 100),
        ('Nhà Giả Kim', 'Paulo Coelho', 'Nhà xuất bản Văn Hóa - Văn Nghệ', 2018, 10, 50),
        ('Harry Potter và Hòn Đá Phù Thủy', 'J.K. Rowling', 'Nhà xuất bản Trẻ', 2020, 18, 60),
        ('Đi Tìm Lẽ Sống', 'Viktor E. Frankl', 'Nhà xuất bản Thế Giới', 2019, 14, 40),
        ('Cánh Đồng Bất Tận', 'Nguyễn Ngọc Tư', 'Nhà xuất bản Trẻ', 2005, 12, 30),
        ('The Catcher in the Rye', 'J.D. Salinger', 'Little, Brown and Company', 2016, 7, 35),
        ('Mắt Biếc', 'Nguyễn Nhật Ánh', 'Nhà xuất bản Trẻ', 1990, 18, 60),
        ('To Kill a Mockingbird', 'Harper Lee', 'Arrow Books', 2015, 9, 30),
        ('Bố Già', 'Mario Puzo', 'Nhà xuất bản Văn Học', 2016, 11, 40),
        ('Tâm Hồn Cao Thượng', 'Edmondo De Amicis', 'Nhà xuất bản Kim Đồng', 2020, 22, 80),
        ('Những Người Khốn Khổ', 'Victor Hugo', 'Nhà xuất bản Văn Học', 2019, 10, 50),
        ('Harry Potter và Phòng Chứa Bí Mật', 'J.K. Rowling', 'Nhà xuất bản Trẻ', 2020, 15, 60),
        ('Bí Mật Của Naoko', 'Keigo Higashino', 'Nhà xuất bản Văn Hóa - Văn Nghệ', 2016, 12, 50),
        ('Thép Đã Tôi Thế Đấy', 'Nikolai Ostrovsky', 'Nhà xuất bản Kim Đồng', 2018, 8, 30),
        ('Tội Ác và Trừng Phạt', 'Fyodor Dostoevsky', 'Nhà xuất bản Văn Học', 2021, 9, 40),
        ('Hành Trình Về Phương Đông', 'Baird T. Spalding', 'Nhà xuất bản Văn Hóa Thông Tin', 2017, 14, 60),
        ('Đồi Gió Hú', 'Emily Brontë', 'Penguin Books', 2016, 7, 30),
        ('Chí Phèo', 'Nam Cao', 'Nhà xuất bản Văn Học', 1941, 20, 50),
        ('Lão Hạc', 'Nam Cao', 'Nhà xuất bản Giáo Dục', 1943, 22, 60),
        ('Harry Potter và Tù Nhân Ngục Azkaban', 'J.K. Rowling', 'Nhà xuất bản Trẻ', 2021, 16, 50),
        ('Doraemon - Tập 1', 'Fujiko F. Fujio', 'Nhà xuất bản Kim Đồng', 1990, 30, 100),
        ('Dế Mèn Phiêu Lưu Ký', 'Tô Hoài', 'Nhà xuất bản Kim Đồng', 1985, 25, 90),
        ('Khu Vườn Bí Mật', 'Frances Hodgson Burnett', 'Nhà xuất bản Văn Học', 2018, 10, 40),
        ('Không Gia Đình', 'Hector Malot', 'Nhà xuất bản Kim Đồng', 2019, 18, 50),
        ('Hoàng Tử Bé', 'Antoine de Saint-Exupéry', 'Nhà xuất bản Trẻ', 2020, 20, 60),
        ('Bảy Bước Tới Mùa Hè', 'Nguyễn Nhật Ánh', 'Nhà xuất bản Trẻ', 2014, 14, 40),
        ('Totto-Chan Bên Cửa Sổ', 'Kuroyanagi Tetsuko', 'Nhà xuất bản Trẻ', 2019, 25, 100),
        ('Về Nhà', 'Yaa Gyasi', 'Nhà xuất bản Hội Nhà Văn', 2017, 12, 50),
        ('Chiến Binh Cầu Vồng', 'Andrea Hirata', 'Nhà xuất bản Văn Hóa - Văn Nghệ', 2019, 18, 60),
        ('Hố Đen', 'Stephen Hawking', 'Nhà xuất bản Trẻ', 2020, 10, 40),
        ('Số Đỏ', 'Vũ Trọng Phụng', 'Nhà xuất bản Hội Nhà Văn', 1936, 16, 60),
        ('Trại Súc Vật', 'George Orwell', 'Nhà xuất bản Văn Học', 2021, 12, 50),
        ('Người Vô Hình', 'H.G. Wells', 'Nhà xuất bản Trẻ', 2019, 8, 30),
        ('Cái Trống Thiếc', 'Günter Grass', 'Nhà xuất bản Văn Hóa - Văn Nghệ', 2018, 7, 30),
        ('Đường Xưa Mây Trắng', 'Thích Nhất Hạnh', 'Nhà xuất bản Văn Hóa Sài Gòn', 2010, 15, 50),
        ('Tắt Đèn', 'Ngô Tất Tố', 'Nhà xuất bản Văn Học', 1939, 20, 60),
        ('Sống Mòn', 'Nam Cao', 'Nhà xuất bản Văn Học', 1944, 14, 40),
        ('Người Thầy Đầu Tiên', 'Chingiz Aitmatov', 'Nhà xuất bản Văn Học', 1985, 18, 50),
        ('Những Ngày Thơ Ấu', 'Nguyên Hồng', 'Nhà xuất bản Giáo Dục', 1938, 20, 60),
        ('Rừng Na Uy', 'Haruki Murakami', 'Nhà xuất bản Trẻ', 2019, 16, 40),
        ('Búp Sen Xanh', 'Sơn Tùng', 'Nhà xuất bản Văn Học', 1982, 14, 50),
        ('Phố Hoài', 'Thuận', 'Nhà xuất bản Văn Hóa - Văn Nghệ', 2002, 12, 30),
        ('Vũ Trụ Trong Vỏ Hạt Dẻ', 'Stephen Hawking', 'Nhà xuất bản Thế Giới', 2020, 10, 40),
        ('Câu Chuyện Dòng Sông', 'Hermann Hesse', 'Nhà xuất bản Văn Học', 2018, 15, 60),
        ('Chuyện Con Mèo Dạy Hải Âu Bay', 'Luis Sepúlveda', 'Nhà xuất bản Văn Hóa - Văn Nghệ', 2015, 20, 60),
        ('Người Truyền Ký Ức', 'Lois Lowry', 'Nhà xuất bản Kim Đồng', 2020, 12, 40),
        ('Chiếc Thuyền Ngoài Xa', 'Nguyễn Minh Châu', 'Nhà xuất bản Văn Học', 1987, 16, 50),
        ('Nanh Trắng', 'Jack London', 'Nhà xuất bản Văn Học', 2018, 18, 60),
        ('Những Đứa Con Trong Gia Đình', 'Nguyễn Thi', 'Nhà xuất bản Văn Học', 1966, 14, 50),
        ('Hãy Chăm Sóc Mẹ', 'Shin Kyung-Sook', 'Nhà xuất bản Phụ Nữ', 2012, 12, 40),
        ('Những Cuộc Phiêu Lưu Của Tom Sawyer', 'Mark Twain', 'Nhà xuất bản Kim Đồng', 2019, 20, 60),
        ('Hoa trái của niềm đắm say', 'Daniel Pennac', 'Nhà xuất bản Trẻ', 2008, 25, 80),
        ('Sherlock Holmes toàn tập', 'Arthur Conan Doyle', 'Nhà xuất bản Trẻ', 2019, 18, 50),
        ('Tình yêu, tội ác và trừng phạt', 'Nguyễn Huy Thiệp', 'Nhà xuất bản Văn Học', 1983, 10, 30),
        ('Kẻ Trộm Sách', 'Markus Zusak', 'Nhà xuất bản Văn Học', 2018, 16, 40),
        ('Người Đàn Ông Mang Tên Ove', 'Fredrik Backman', 'Nhà xuất bản Phụ Nữ', 2020, 14, 50),
        ('Đêm trắng', 'Dostoevsky', 'Nhà xuất bản Văn Học', 2023, 12, 30),
        ('Đất Rừng Phương Nam', 'Đoàn Giỏi', 'Nhà xuất bản Kim Đồng', 1985, 25, 90),
        ('Sapiens: Lược sử loài người', 'Yuval Noah Harari', 'Nhà xuất bản Trẻ', 2014, 14, 40),
        ('Những Mảnh Đời Đen Trắng', 'Nguyễn Quang Lập', 'Nhà xuất bản Hội Nhà Văn', 2020, 10, 30),
        ('Mảnh Đất Lắm Người Nhiều Ma', 'Nguyễn Khắc Trường', 'Nhà xuất bản Văn Học', 1990, 22, 60),
        ('Tôi Là Bêtô', 'Nguyễn Nhật Ánh', 'Nhà xuất bản Trẻ', 2007, 20, 60),
        ('The Reader', 'Bernhard Schlink', 'Nhà xuất bản Văn Học', 2008, 14, 40),
        ('Cô Gái Trong Sương', 'Donato Carrisi', 'Nhà xuất bản Phụ Nữ', 2021, 18, 50),
        ('Nhật Ký Đặng Thùy Trâm', 'Đặng Thùy Trâm', 'Nhà xuất bản Hội Nhà Văn', 2005, 14, 40),
        ('Cuốn Theo Chiều Gió', 'Margaret Mitchell', 'Nhà xuất bản Văn Học', 2016, 18, 50),
        ('Đồi Thỏ', 'Richard Adams', 'Nhà xuất bản Văn Hóa - Văn Nghệ', 2019, 12, 40),
        ('Người Đua Diều', 'Khaled Hosseini', 'Nhà xuất bản Trẻ', 2015, 16, 60),
        ('Người ăn chay', 'Han Kang', 'Nhà xuất bản Hội Nhà Văn', 2007, 14, 50),
        ('Chúa Ruồi', 'William Golding', 'Nhà xuất bản Văn Học', 2017, 18, 60),
        ('Vợ Nhặt', 'Kim Lân', 'Nhà xuất bản Văn Học', 1962, 22, 60),
        ('Người Tình', 'Marguerite Duras', 'Nhà xuất bản Văn Học', 1984, 14, 40),
        ('Tướng Về Hưu', 'Nguyễn Huy Thiệp', 'Nhà xuất bản Văn Học', 1987, 12, 30),
        ('Bạch Tuyết Và Bảy Chú Lùn', 'Anh em Grimm', 'Nhà xuất bản Kim Đồng', 1998, 25, 90),
        ('Điện Biên Phủ từ góc nhìn của người lính Pháp', 'Đỗ Ca Sơn', 'Nhà xuất bản Thông Tấn', 2004, 12, 30),
        ('Những Câu Chuyện Không Phải Là Cổ Tích', 'Sue Gallehugh', 'Nhà xuất bản Tổng hợp Thành phố Hồ Chí Minh', 2004, 20, 80),
        ('Mưới Năm', 'Tô Hoài', 'Nhà xuất bản Văn Học', 1957, 18, 60),
        ('Người TÌnh Hoa Bắc', 'Marguerite Duras', 'Nhà xuất bản Văn Học', 1991, 18, 60),
        ('Quán Gò Đi Lên', 'Nguyễn Nhật Ánh', 'Nhà xuất bản Trẻ', 2000, 20, 80);

INSERT INTO Loans (userAccount, book_id, borrowDate, endDate, returnDate, status)
VALUES ('Biet1990', 77, '2024-09-05', '2024-10-01', NULL, 'Borrowed'),
       ('Hoai2000', 26, '2024-09-01', '2024-11-30', NULL, 'Borrowed'),
       ('Tien1993', 4, '2024-11-05', '2024-12-20', NULL, 'Borrowed'),
       ('Ha2000', 19, '2024-10-30', '2024-12-10', NULL, 'Borrowed'),
       ('Long1990', 4, '2024-11-05', '2024-12-20', NULL, 'Borrowed'),
       ('Huy1985', 3, '2024-11-10', '2024-12-30', NULL, 'Borrowed'),
       ('Thu1996', 48, '2014-11-25', '2019-12-20', NULL, 'Borrowed'),
       ('Tai1991', 59, '2024-11-15', '2024-12-15', NULL, 'Borrowed'),
       ('Yen2000', 79, '2024-10-16', '2018-12-20', NULL, 'Borrowed'),
       ('Toan1987', 25, '2024-11-01', '2024-12-01', NULL, 'Borrowed'),
       ('Phuoc1989', 80, '2024-10-19', '2024-12-19', NULL, 'Borrowed'),
       ('Van1998', 21, '2024-11-19', '2024-12-15', NULL, 'Borrowed'),
       ('Minh1991', 77, '2024-11-05', '2024-11-30', NULL, 'Borrowed'),
       ('Linh1999', 5, '2024-11-06', '2024-12-16', NULL, 'Borrowed'),
       ('Vy2003', 23, '2024-10-25', '2024-12-25', NULL, 'Borrowed');

INSERT INTO Images (bookName, author, urlImage)
VALUES  ('Tôi Thấy Hoa Vàng Trên Cỏ Xanh', 'Nguyễn Nhật Ánh', 'https://thuviensohoa.vn/img/news/2022/10/larger/6479-toi-thay-hoa-vang-tren-co-xanh-1.jpg'),
        ('1984', 'George Orwell', 'https://thuviensohoa.vn/img/news/2022/09/larger/1011-1984-1.jpg'),
        ('Cho Tôi Xin Một Vé Đi Tuổi Thơ', 'Nguyễn Nhật Ánh', 'https://thuviensohoa.vn/img/news/2022/10/larger/7735-cho-toi-xin-mot-ve-di-tuoi-tho-1.jpg'),
        ('Pride and Prejudice', 'Jane Austen', 'https://cdn2.penguin.com.au/covers/400/9780141949055.jpg'),
        ('Đắc Nhân Tâm', 'Dale Carnegie', 'https://thuviensohoa.vn/img/news/2022/09/larger/403-dac-nhan-tam-1.jpg'),
        ('Nhà Giả Kim','Paulo Coelho', 'https://thuviensohoa.vn/img/news/2022/09/larger/255-nha-gia-kim-1.jpg'),
        ('Harry Potter và Hòn Đá Phù Thủy', 'J.K. Rowling', 'https://thuviensohoa.vn/img/news/2022/09/larger/1058-harry-potter-va-hon-da-phu-thuy-1.jpg'),
        ('Đi Tìm Lẽ Sống', 'Viktor E. Frankl', 'https://thuviensohoa.vn/img/news/2022/09/larger/404-di-tim-le-song-1.jpg'),
        ('Cánh Đồng Bất Tận', 'Nguyễn Ngọc Tư', 'https://thuviensohoa.vn/img/news/2022/11/larger/8570-canh-dong-bat-tan-1.jpg'),
        ('The Catcher in the Rye', 'J.D. Salinger', 'https://thuviensohoa.vn/img/news/2023/06/larger/8255-bat-tre-dong-xanh-1.jpg'),
        ('Mắt Biếc', 'Nguyễn Nhật Ánh', 'https://thuviensohoa.vn/img/news/2022/10/larger/4886-mat-biec-1.jpg'),
        ('To Kill a Mockingbird', 'Harper Lee', 'https://thuviensohoa.vn/img/news/2022/09/larger/998-giet-con-chim-nhai-1.jpg'),
        ('Bố Già', 'Mario Puzo', 'https://thuviensohoa.vn/img/news/2022/09/larger/1002-bo-gia-1.jpg'),
        ('Tâm Hồn Cao Thượng', 'Edmondo De Amicis', 'https://thuviensohoa.vn/img/news/2024/05/larger/15505-tam-hon-cao-thuong-1.jpg'),
        ('Những Người Khốn Khổ', 'Victor Hugo', 'https://thuviensohoa.vn/img/news/2022/11/larger/7867-nhung-nguoi-khon-kho-1.jpg'),
        ('Harry Potter và Phòng Chứa Bí Mật', 'J.K. Rowling', 'https://thuviensohoa.vn/img/news/2022/09/larger/1059-harry-potter-va-phong-chua-bi-mat-1.jpg'),
        ('Bí Mật Của Naoko', 'Keigo Higashino', 'https://thuviensohoa.vn/img/news/2022/11/larger/8317-bi-mat-cua-naoko-1.jpg'),
        ('Thép Đã Tôi Thế Đấy', 'Nikolai Ostrovsky', 'https://thuviensohoa.vn/img/news/2022/09/larger/1003-thep-da-toi-the-day-1.jpg'),
        ('Tội Ác và Trừng Phạt', 'Fyodor Dostoevsky', 'https://thuviensohoa.vn/img/news/2022/11/larger/7832-toi-ac-va-trung-phat-1.jpg'),
        ('Hành Trình Về Phương Đông', 'Baird T. Spalding', 'https://thuviensohoa.vn/img/news/2022/08/larger/72-hanh-trinh-ve-phuong-dong-1.jpg'),
        ('Đồi Gió Hú', 'Emily Brontë', 'https://thuviensohoa.vn/img/news/2022/09/larger/1000-doi-gio-hu-1.jpg'),
        ('Chí Phèo', 'Nam Cao', 'https://thuviensohoa.vn/img/news/2022/11/larger/8701-chi-pheo-1.jpg'),
        ('Lão Hạc', 'Nam Cao', 'https://thuviensohoa.vn/img/news/2022/11/larger/10465-lao-hac-1.jpg'),
        ('Harry Potter và Tù Nhân Ngục Azkaban', 'J.K. Rowling', 'https://thuviensohoa.vn/img/news/2022/09/larger/1060-harry-potter-va-ten-tu-nhan-nguc-azkaban-1.jpg'),
        ('Doraemon - Tập 1', 'Fujiko F. Fujio', 'https://upload.wikimedia.org/wikipedia/vi/b/b7/Doraemon1.jpg'),
        ('Dế Mèn Phiêu Lưu Ký', 'Tô Hoài', 'https://thuviensohoa.vn/img/news/2022/09/larger/1095-de-men-phieu-luu-ky-1.jpg'),
        ('Khu Vườn Bí Mật', 'Frances Hodgson Burnett', 'https://thuviensohoa.vn/img/news/2022/11/larger/10335-khu-vuon-bi-mat-1.jpg'),
        ('Không Gia Đình', 'Hector Malot', 'https://thuviensohoa.vn/img/news/2022/09/larger/996-khong-gia-dinh-1.jpg'),
        ('Hoàng Tử Bé', 'Antoine de Saint-Exupéry', 'https://thuviensohoa.vn/img/news/2023/06/larger/10048-hoang-tu-be-1.jpg'),
        ('Bảy Bước Tới Mùa Hè', 'Nguyễn Nhật Ánh', 'https://thuviensohoa.vn/img/news/2022/10/larger/2363-bay-buoc-toi-mua-he-1.jpg'),
        ('Totto-Chan Bên Cửa Sổ', 'Kuroyanagi Tetsuko', 'https://thuviensohoa.vn/img/news/2022/10/larger/1356-totto-chan-ben-cua-so-1.jpg'),
        ('Về Nhà', 'Yaa Gyasi', 'https://upload.wikimedia.org/wikipedia/en/a/a4/Homegoing_%282016_cover%29.jpg'),
        ('Chiến Binh Cầu Vồng', 'Andrea Hirata', 'https://upload.wikimedia.org/wikipedia/en/6/68/Laskar_Pelangi_Poster.jpg'),
        ('Hố Đen', 'Stephen Hawking', 'https://thuviensohoa.vn/img/news/2024/08/larger/7531-lo-den-cac-bai-thuyet-giang-tren-dai-1.jpg'),
        ('Số Đỏ', 'Vũ Trọng Phụng', 'https://thuviensohoa.vn/img/news/2022/11/larger/7817-so-do-1.jpg'),
        ('Trại Súc Vật', 'George Orwell', 'https://upload.wikimedia.org/wikipedia/commons/f/fb/Animal_Farm_-_1st_edition.jpg'),
        ('Người Vô Hình', 'H.G. Wells', 'https://thuviensohoa.vn/img/news/2022/11/larger/11282-nguoi-vo-hinh-1.jpg'),
        ('Cái Trống Thiếc', 'Günter Grass', 'https://thuviensohoa.vn/img/news/2022/11/larger/8534-cai-trong-thiec-1.jpg'),
        ('Đường Xưa Mây Trắng', 'Thích Nhất Hạnh', 'https://thuviensohoa.vn/img/news/2022/08/larger/103-duong-xua-may-trang-1.jpg'),
        ('Tắt Đèn', 'Ngô Tất Tố', 'https://thuviensohoa.vn/img/news/2022/11/larger/7820-tat-den-1.jpg'),
        ('Sống Mòn', 'Nam Cao', 'https://thuviensohoa.vn/img/news/2022/11/larger/12014-song-mon-1.jpg'),
        ('Người Thầy Đầu Tiên', 'Chingiz Aitmatov', 'https://isach.info/images/story/cover/nguoi_thay_dau_tien__chingiz_aitmatov__long_nguyen5.jpg'),
        ('Những Ngày Thơ Ấu', 'Nguyên Hồng', 'https://thuviensohoa.vn/img/news/2022/10/larger/1315-nhung-ngay-tho-au-1.jpg'),
        ('Rừng Na Uy', 'Haruki Murakami', 'https://thuviensohoa.vn/img/news/2022/10/larger/1381-rung-na-uy-1.jpg'),
        ('Búp Sen Xanh', 'Sơn Tùng', 'https://thuviensohoa.vn/img/news/2024/10/larger/7278-bup-sen-xanh-1.jpg'),
        ('Phố Hoài', 'Thuận', 'https://thuviensohoa.vn/img/news/2022/11/larger/8771-chinatown-1.jpg'),
        ('Vũ Trụ Trong Vỏ Hạt Dẻ', 'Stephen Hawking', 'https://thuviensohoa.vn/img/news/2022/08/larger/538-vu-tru-trong-vo-hat-de-1.jpg'),
        ('Câu Chuyện Dòng Sông', 'Hermann Hesse', 'https://thuviensohoa.vn/img/news/2022/09/larger/170-cau-chuyen-dong-song-1.jpg'),
        ('Chuyện Con Mèo Dạy Hải Âu Bay', 'Luis Sepúlveda', 'https://thuviensohoa.vn/img/news/2023/03/larger/2840-chuyen-con-meo-day-hai-au-bay-1.jpg'),
        ('Người Truyền Ký Ức', 'Lois Lowry', 'https://thuviensohoa.vn/img/news/2022/11/larger/11274-nguoi-truyen-ky-uc-1.jpg'),
        ('Chiếc Thuyền Ngoài Xa', 'Nguyễn Minh Châu', 'https://isach.info/images/story/cover/chiec_thuyen_ngoai_xa__nguyen_minh_chau.jpg'),
        ('Nanh Trắng', 'Jack London', 'https://thuviensohoa.vn/img/news/2024/09/larger/7293-nanh-trang-1.jpg'),
        ('Những Đứa Con Trong Gia Đình', 'Nguyễn Thi', 'https://307a0e78.vws.vegacdn.vn/view/v2/image/img.fm_audio_book/0/0/0/2114.jpg'),
        ('Hãy Chăm Sóc Mẹ', 'Shin Kyung-Sook', 'https://thuviensohoa.vn/img/news/2022/11/larger/9913-hay-cham-soc-me-1.jpg'),
        ('Những Cuộc Phiêu Lưu Của Tom Sawyer', 'Mark Twain', 'https://thuviensohoa.vn/img/news/2022/11/larger/11465-nhung-cuoc-phieu-luu-cua-tom-sawyer-1.jpg'),
        ('Hoa trái của niềm đắm say', 'Daniel Pennac', 'https://thuviensohoa.vn/img/news/2022/11/larger/10014-hoa-trai-cua-niem-dam-say-1.jpg'),
        ('Sherlock Holmes toàn tập', 'Arthur Conan Doyle', 'https://thuviensohoa.vn/img/news/2022/09/larger/999-sherlock-holmes-toan-tap-1.jpg'),
        ('Tình yêu, tội ác và trừng phạt', 'Nguyễn Huy Thiệp', 'https://thuviensohoa.vn/img/news/2024/10/larger/7149-tinh-yeu-toi-ac-va-trung-phat-1.jpg'),
        ('Kẻ Trộm Sách', 'Markus Zusak', 'https://thuviensohoa.vn/img/news/2022/11/larger/10219-ke-trom-sach-1.jpg'),
        ('Người Đàn Ông Mang Tên Ove', 'Fredrik Backman', 'https://thuviensohoa.vn/img/news/2022/11/larger/11196-nguoi-dan-ong-mang-ten-ove-1.jpg'),
        ('Đêm trắng', 'Dostoevsky', 'Nhttps://thuviensohoa.vn/img/news/2024/09/larger/9337-dem-trang-1.jpg'),
        ('Đất Rừng Phương Nam', 'Đoàn Giỏi', 'https://thuviensohoa.vn/img/news/2023/06/larger/2713-dat-rung-phuong-nam-1.jpg'),
        ('Sapiens: Lược sử loài người', 'Yuval Noah Harari', 'https://thuviensohoa.vn/img/news/2022/10/larger/1695-sapiens-luoc-su-loai-nguoi-1.jpg'),
        ('Những Mảnh Đời Đen Trắng', 'Nguyễn Quang Lập', 'https://thuviensohoa.vn/img/news/2022/11/larger/11511-nhung-manh-doi-den-trang-1.jpg'),
        ('Mảnh Đất Lắm Người Nhiều Ma', 'Nguyễn Khắc Trường', 'https://thuviensohoa.vn/img/news/2023/03/larger/13625-manh-dat-lam-nguoi-nhieu-ma-1.jpg'),
        ('Tôi Là Bêtô', 'Nguyễn Nhật Ánh', 'https://thuviensohoa.vn/img/news/2022/10/larger/6476-toi-la-beto-1.jpg'),
        ('The Reader', 'Bernhard Schlink', 'https://upload.wikimedia.org/wikipedia/en/f/f7/The_Reader_cover.jpg'),
        ('Cô Gái Trong Sương', 'Donato Carrisi', 'https://nxbphunu.com.vn/wp-content/uploads/2019/06/Co-gai-trong-suong-mu-305x479.jpg'),
        ('Nhật Ký Đặng Thùy Trâm', 'Đặng Thùy Trâm', 'https://thuviensohoa.vn/img/news/2022/10/larger/1355-nhat-ky-dang-thuy-tram-1.jpg'),
        ('Cuốn Theo Chiều Gió', 'Margaret Mitchell', 'https://thuviensohoa.vn/img/news/2022/09/larger/995-cuon-theo-chieu-gio-1.jpg'),
        ('Đồi Thỏ', 'Richard Adams', 'https://thuviensohoa.vn/img/news/2022/11/larger/9499-doi-tho-1.jpg'),
        ('Người Đua Diều', 'Khaled Hosseini', 'https://thuviensohoa.vn/img/news/2023/07/larger/14467-nguoi-dua-dieu-1.jpg'),
        ('Người ăn chay', 'Han Kang', 'https://www.nxbtre.com.vn/Images/Book/NXBTreStoryFull_06372011_113717.jpg'),
        ('Chúa Ruồi', 'William Golding', 'https://thuviensohoa.vn/img/news/2023/06/larger/8819-chua-ruoi-1.jpg'),
        ('Vợ Nhặt', 'Kim Lân', 'https://o.rada.vn/data/image/2022/04/30/Vo-nhat.jpg'),
        ('Người Tình', 'Marguerite Duras', 'https://thuviensohoa.vn/img/news/2022/11/larger/11257-nguoi-tinh-1.jpg'),
        ('Tướng Về Hưu', 'Nguyễn Huy Thiệp', 'https://thuviensohoa.vn/img/news/2022/11/larger/13073-tuong-ve-huu-1.jpg'),
        ('Bạch Tuyết Và Bảy Chú Lùn', 'Anh em Grimm', 'https://truyencotich.vn/wp-content/uploads/2012/10/tfv-660x440.jpg'),
        ('Điện Biên Phủ từ góc nhìn của người lính Pháp', 'Đỗ Ca Sơn', 'https://thuviensohoa.vn/img/news/2022/11/larger/9391-dien-bien-phu-tu-goc-nhin-cua-nguoi-linh-phap-1.jpg'),
        ('Những Câu Chuyện Không Phải Là Cổ Tích', 'Sue Gallehugh', 'https://thuviensohoa.vn/img/news/2024/05/larger/15606-nhung-cau-chuyen-khong-phai-la-co-tich-1.jpg'),
        ('Mưới Năm', 'Tô Hoài', 'https://thuviensohoa.vn/img/news/2023/06/larger/14032-muoi-nam-1.jpg'),
        ('Người TÌnh Hoa Bắc', 'Marguerite Duras', 'https://thuviensohoa.vn/img/news/2022/11/larger/11262-nguoi-tinh-hoa-bac-1.jpg'),
        ('Quán Gò Đi Lên', 'Nguyễn Nhật Ánh', 'https://thuviensohoa.vn/img/news/2022/10/larger/7743-quan-go-di-len-1.jpg');


